Workbook
Name \0: #REF!
Name \a: #REF!
Name \m: #REF!
Name \q: #REF!
Name ____L84: [0]!____L84
Name ___L84: [0]!___L84
Name __L84: [0]!__L84
Name _005明細事業部: #REF!
Name _012事業部明細: #REF!
Name _101事業部明細: #REF!
Name _19565: #REF!
Name _IND84: #REF!
Name _IND91: #REF!
Name _L84: [0]!_L84
Name _M13: #REF!
Name _M14: #REF!
Name _M16: #REF!
Name _M3: #REF!
Name _M4: #REF!
Name _M8: #REF!
Name _MS15: #REF!
Name _R7: #REF!
Name ○と×: #REF!
Name A1A: #REF!
Name aaa: #REF!
Name Abattant: #REF!
Name AccessButton: "PostK9b1_Synthèse_composants_Liste"
Name aci: #REF!
Name AcPilote_i: #REF!
Name afficherMasquerLesFeuilles: [0]!afficherMasquerLesFeuilles
Name Airbags_AR: #REF!
Name Airbags_AV: #REF!
Name AK: [0]!AK
Name alpha1_B: #REF!
Name alpha1_H: #REF!
Name alpha2: #REF!
Name Antennes: #REF!
Name Anti_brouillards: #REF!
Name Attelage: #REF!
Name Avertisseur_sonore: #REF!
Name B_: #REF!
Name BASE: #REF!
Name bdd: #REF!
Name BILAN: #REF!
Name BILAN2: #REF!
Name boitprogrsa: #REF!
Name BOM: #REF!
Name Bouclier_AR: #REF!
Name Bouclier_AV: #REF!
Name Bouclier_AV_R_Type_Aventure: #REF!
Name BoutAbt: #N/A
Name BoutChk: #N/A
Name BoutCns: #N/A
Name BoutPdtdat: #N/A
Name bprsa: #REF!
Name BtnAideLiaison_QuandClic: #REF!
Name BtnAideNomFiche_QuandClic: #REF!
Name BtnAjout_Fiche_techno_QuandClic: #REF!
Name BtnOptions_QuandClic: #REF!
Name BtnPIN_QuandClic: #REF!

Sheet Update
C1: Project name:
C2: Powertrain:
C3: EE Architech:
C4: Application zone:
B6: Sl.No | C6: Date | D6: Update Information | E6: Milestone | F6: Person name
B7: 1 | C7: 43749 | D7: initialisation mise a jour des Profils et des taux d'usage | F7: B. Chiovetta
C9: 45663 | D9: Mise a jour profil conso blower + sièges chauffants + volant chuaffants | F9: P,Daugeron

Sheet Définition

Sheet Bilan DCDC
H1: DC - DC Sizing Charge balance tool
B2: Project name: | E2: Milestone
B3: Powertrain: | E3: Date:
B4: EE Architech: | E4: Pilot wattman:
B5: Application zone:
H6: Electrical load usage rate (in %) for 30mints drive | Z6: Commentaire
B7: List of equipements | E7: Variants | G7: Conso Elec (A) | H7: Profile : Winter <-5°C | M7: Conso Instantatnée MAX | N7: Profile : Mid-season 5°C<15°C | S7: Conso Instantatnée MAX | T7: Profile :Summer T>15°C | Y7: Conso Instantatnée MAX
E8: Base Mettre 1 ou 0 | F8: Upper Mettre 1 ou 0 | H8: 0 - 5mints | I8: 5 - 10mints | J8: 10 - 15mints | K8: 15 - 25mints | L8: 25 - 30mints | N8: 0 - 5mints | O8: 5 - 10mints | P8: 10 - 15mints | Q8: 15 - 25mints | R8: 25 - 30mints | T8: 0 - 5mints | U8: 5 - 10mints | V8: 10 - 15mints | W8: 15 - 25mints | X8: 25 - 30mints
B9: ECLAIRAGES
B10: FEUX DE POSITION AV | H10: 1 | I10: 1 | J10: 1 | K10: 1 | L10: 1 | M10: 1 | N10: 1 | O10: 1 | P10: 1 | Q10: 1 | R10: 1 | S10: 1 | T10: 0 | U10: 0 | V10: 0 | W10: 0 | X10: 0 | Y10: 0
B11: FEUX DE POSITION AR ET DE PLAQUE / POSITION AND PLATE LAMPS | H11: =H10 -> 1 | I11: =I10 -> 1 | J11: =J10 -> 1 | K11: =K10 -> 1 | L11: =L10 -> 1 | M11: 1 | N11: =N10 -> 1 | O11: =O10 -> 1 | P11: =P10 -> 1 | Q11: =Q10 -> 1 | R11: =R10 -> 1 | S11: 1 | T11: =T10 -> 0 | U11: =U10 -> 0 | V11: =V10 -> 0 | W11: =W10 -> 0 | X11: =X10 -> 0 | Y11: 0
B12: ECLAIRAGE TABLEAU DE BORD SXS EV / LIGHTS INSTRUMENT PANEL | H12: =H10 -> 1 | I12: =I10 -> 1 | J12: =J10 -> 1 | K12: =K10 -> 1 | L12: =L10 -> 1 | M12: 1 | N12: =N10 -> 1 | O12: =O10 -> 1 | P12: =P10 -> 1 | Q12: =Q10 -> 1 | R12: =R10 -> 1 | S12: 1 | T12: =T10 -> 0 | U12: =U10 -> 0 | V12: =V10 -> 0 | W12: =W10 -> 0 | X12: =X10 -> 0 | Y12: 0
B13: INTERRUPTEURS VOYANTS DE NUIT / NIGHT LEDS SWITCHES | H13: =H10 -> 1 | I13: =I10 -> 1 | J13: =J10 -> 1 | K13: =K10 -> 1 | L13: =L10 -> 1 | M13: 1 | N13: =N10 -> 1 | O13: =O10 -> 1 | P13: =P10 -> 1 | Q13: =Q10 -> 1 | R13: =R10 -> 1 | S13: 1 | T13: 1 | U13: 1 | V13: 1 | W13: 1 | X13: 1 | Y13: 1
B14: DRL | H14: 0 | I14: 0 | J14: 0 | K14: 0 | L14: 0 | M14: 0 | N14: 0 | O14: 0 | P14: 0 | Q14: 0 | R14: 0 | S14: 0 | T14: 1 | U14: 1 | V14: 1 | W14: 1 | X14: 1 | Y14: 1
B15: LOGO + CROSSING LIGHTING | H15: =H12 -> 1 | I15: =I12 -> 1 | J15: =J12 -> 1 | K15: =K12 -> 1 | L15: =L12 -> 1 | M15: 1 | N15: =N12 -> 1 | O15: =O12 -> 1 | P15: =P12 -> 1 | Q15: =Q12 -> 1 | R15: =R12 -> 1 | S15: 1 | T15: 1 | U15: 1 | V15: 1 | W15: 1 | X15: 1 | Y15: 1
B16: FEUX DE BROUILLARD AVANT (x2) / FRONT FOG LIGHTS (x2) | H16: 1 | I16: 1 | J16: 1 | K16: 1 | L16: 1 | M16: 1 | N16: 1 | O16: 1 | P16: 1 | Q16: 1 | R16: 1 | S16: 1 | T16: 0 | U16: 0 | V16: 0 | W16: 0 | X16: 0 | Y16: 0
B17: FEUX DE BROUILLARD ARRIERE Edg / REAR FOG LAMPS Edg | H17: 1 | I17: 1 | J17: 1 | K17: 1 | L17: 1 | M17: 1 | N17: 1 | O17: 1 | P17: 1 | Q17: 1 | R17: 1 | S17: 1 | T17: 0 | U17: 0 | V17: 0 | W17: 0 | X17: 0 | Y17: 0
B18: FEUX DE BROUILLARD ARRIERE Hdg / REAR FOG LAMPS Hdg | H18: 1 | I18: 1 | J18: 1 | K18: 1 | L18: 1 | M18: 1 | N18: 1 | O18: 1 | P18: 1 | Q18: 1 | R18: 1 | S18: 1 | T18: 0 | U18: 0 | V18: 0 | W18: 0 | X18: 0 | Y18: 0
B19: FEUX INDICATEURS DE DIRECTION / DIRECTION Indication lamp | H19: 0.25 | I19: 0.25 | J19: 0.25 | K19: 0.25 | L19: 0.25 | M19: 0 | N19: 0.25 | O19: 0.25 | P19: 0.25 | Q19: 0.25 | R19: 0.25 | S19: 0 | T19: 0.25 | U19: 0.25 | V19: 0.25 | W19: 0.25 | X19: 0.25 | Y19: 0.5
B20: FEUX DE STOP - Edg / STOP lamp Edg | H20: 0.3 | I20: 0.3 | J20: 0.3 | K20: 0.3 | L20: 0.3 | M20: 1 | N20: 0.3 | O20: 0.3 | P20: 0.3 | Q20: 0.3 | R20: 0.3 | S20: 1 | T20: 0.1 | U20: 0.1 | V20: 0.1 | W20: 0.1 | X20: 0.1 | Y20: 1
B21: FEUX DE STOP - Hdg / STOP lamp Hdg | H21: 0.3 | I21: 0.3 | J21: 0.3 | K21: 0.3 | L21: 0.3 | M21: 1 | N21: 0.3 | O21: 0.3 | P21: 0.3 | Q21: 0.3 | R21: 0.3 | S21: 1 | T21: 0.1 | U21: 0.1 | V21: 0.1 | W21: 0.1 | X21: 0.1 | Y21: 1
B22: FEUX DE CROISEMENT Edg / Low beam lamp | H22: 1 | I22: 1 | J22: 1 | K22: 1 | L22: 1 | M22: 1 | N22: 1 | O22: 1 | P22: 1 | Q22: 1 | R22: 1 | S22: 1 | T22: 0 | U22: 0 | V22: 0 | W22: 0 | X22: 0 | Y22: 0
B23: FEUX DE CROISEMENT Hdg / Low beam lamp | H23: 1 | I23: 1 | J23: 1 | K23: 1 | L23: 1 | M23: 1 | N23: 1 | O23: 1 | P23: 1 | Q23: 1 | R23: 1 | S23: 1 | T23: 0 | U23: 0 | V23: 0 | W23: 0 | X23: 0 | Y23: 0
B24: FEUX DE ROUTE Edg / High beam lamp | H24: 1 | I24: 1 | J24: 1 | K24: 1 | L24: 1 | M24: 1 | N24: 1 | O24: 1 | P24: 1 | Q24: 1 | R24: 1 | S24: 1 | T24: 0 | U24: 0 | V24: 0 | W24: 0 | X24: 0 | Y24: 0
B25: FEUX DE ROUTE Hdg / High beam lamp | H25: 1 | I25: 1 | J25: 1 | K25: 1 | L25: 1 | M25: 1 | N25: 1 | O25: 1 | P25: 1 | Q25: 1 | R25: 1 | S25: 1 | T25: 0 | U25: 0 | V25: 0 | W25: 0 | X25: 0 | Y25: 0
B26: VISIBILITE
B27: LUNETTE DEGIVRANTE / Rear Defroster | H27: 1 | I27: 0.95 | J27: 0.95 | K27: 0 | L27: 0 | M27: 1 | N27: 1 | O27: 0.5 | P27: 0 | Q27: 0 | R27: 0 | S27: 1 | T27: 0.8 | U27: 0 | V27: 0 | W27: 0 | X27: 0 | Y27: 0
B28: RETROVISEUR DEGIVRANT (x2) / Heated Mirror Defroster | H28: 1 | I28: 0.95 | J28: 0.95 | K28: 0 | L28: 0 | M28: 1 | N28: 1 | O28: 0.5 | P28: 0 | Q28: 0 | R28: 0 | S28: 1 | T28: 0.8 | U28: 0 | V28: 0 | W28: 0 | X28: 0 | Y28: 0
B29: PAREBRISE CHAUFFANT / Heated windscreen | H29: 1 | I29: 0.95 | J29: 0 | K29: 0 | L29: 0 | M29: 1 | N29: 1 | O29: 0 | P29: 0 | Q29: 0 | R29: 0 | S29: 1 | T29: 0.15 | U29: 0 | V29: 0 | W29: 0 | X29: 0 | Y29: 0
B30: ESSUIE VITRE AVANT / FRONT WINDOW WIPER No activated if Heated windscreen is ON | H30: 1 | I30: 1 | J30: 1 | K30: 1 | L30: 1 | M30: 0 | N30: 1 | O30: 1 | P30: 1 | Q30: 1 | R30: 1 | S30: 0 | T30: 1 | U30: 1 | V30: 1 | W30: 1 | X30: 1 | Y30: 0
B31: ESSUIE VITRE ARRIERE / REAR WINDOW WIPER | H31: 0 | I31: 0 | J31: 0 | K31: 0 | L31: 0 | M31: 0 | N31: 0 | O31: 0 | P31: 0 | Q31: 0 | R31: 0 | S31: 0 | T31: 0 | U31: 0 | V31: 0 | W31: 0 | X31: 0 | Y31: 0
B32: CONFORT COCKPIT
B33: GMV (HVAC) HABITACLE _HOT MODE | H33: 1 | I33: 0.75 | J33: 0.55 | K33: 0.45 | L33: 0.4 | M33: 1 | N33: 1 | O33: 0.75 | P33: 0.55 | Q33: 0.45 | R33: 0.4 | S33: 1 | T33: 0 | U33: 0 | V33: 0 | W33: 0 | X33: 0 | Y33: 0
B34: GMV (HVAC) HABITACLE _COLD MODE | H34: 0 | I34: 0 | J34: 0 | K34: 0 | L34: 0 | M34: 0 | N34: 0 | O34: 0 | P34: 0 | Q34: 0 | R34: 0 | S34: 0 | T34: 1 | U34: 0.75 | V34: 0.6 | W34: 0.55 | X34: 0.5 | Y34: 1
B35: COMPRESSEUR CA HV | H35: 0 | I35: 0 | J35: 0 | K35: 0 | L35: 0 | M35: 0 | N35: 0.5 | O35: 0.5 | P35: 0.5 | Q35: 0.5 | R35: 0.5 | S35: 0 | T35: 1 | U35: 1 | V35: 1 | W35: 1 | X35: 1 | Y35: 1
B36: SIEGES CHAUFFANTS AVANTS | H36: 1 | I36: 1 | J36: 1 | K36: 0.63 | L36: 0.63 | M36: 1 | N36: 1 | O36: 0.8 | P36: 0.7 | Q36: 0 | R36: 0 | S36: 1 | T36: 0 | U36: 0 | V36: 0 | W36: 0 | X36: 0 | Y36: 0
B37: SIEGES CHAUFFANTS ARRIERES | H37: 1 | I37: 1 | J37: 1 | K37: 0.63 | L37: 0.63 | M37: 1 | N37: 1 | O37: 1 | P37: 1 | Q37: 0 | R37: 0 | S37: 1 | T37: 0 | U37: 0 | V37: 0 | W37: 0 | X37: 0 | Y37: 0
B38: Volant chauffant | H38: 1 | I38: 1 | J38: 0.63 | K38: 0.63 | L38: 0.63 | M38: 1 | N38: 1 | O38: 1 | P38: 0 | Q38: 0 | R38: 0 | S38: 1 | T38: 0 | U38: 0 | V38: 0 | W38: 0 | X38: 0 | Y38: 0
B39: CTP sur 12V | H39: 0.8 | I39: 0.8 | J39: 0.8 | K39: 0.5 | L39: 0.5 | M39: 0.8 | N39: 0.8 | O39: 0.4 | P39: 0 | Q39: 0 | R39: 0 | S39: 0.8 | T39: 0 | U39: 0 | V39: 0 | W39: 0 | X39: 0 | Y39: 0
B40: EV ELECTROVANNE | H40: 0.3 | I40: 0.3 | J40: 0.5 | K40: 0.5 | L40: 0.5 | M40: 1 | N40: 0.3 | O40: 0.5 | P40: 0.6 | Q40: 0.6 | R40: 0.6 | S40: 1 | T40: 0.7 | U40: 0.8 | V40: 1 | W40: 1 | X40: 1 | Y40: 1
B41: POMPE A CHALEUR / HEAT PUMP (hot and cold function) | H41: 1 | I41: 1 | J41: 1 | K41: 1 | L41: 1 | M41: 1 | N41: 0.3 | O41: 0.3 | P41: 0.3 | Q41: 0.3 | R41: 0.3 | S41: 1 | T41: 0.7 | U41: 0.7 | V41: 0.7 | W41: 0.7 | X41: 0.7 | Y41: 0
B42: GMP / Refroi / BV / Gestion Batterie HV
B43: PEC MODULE CONTROLE ELECTRIQUE | H43: 1 | I43: 1 | J43: 1 | K43: 1 | L43: 1 | M43: 1 | N43: 1 | O43: 1 | P43: 1 | Q43: 1 | R43: 1 | S43: 1 | T43: 1 | U43: 1 | V43: 1 | W43: 1 | X43: 1 | Y43: 1
B53: EV (ELECTROVANNE) x ways | H53: 0.1 | I53: 0.1 | J53: 0.1 | K53: 0.1 | L53: 0.1 | M53: 0.1 | N53: 0.1 | O53: 0.5 | P53: 0.5 | Q53: 0.5 | R53: 0.5 | S53: 0.5 | T53: 0.6 | U53: 0.6 | V53: 0.6 | W53: 0.6 | X53: 0.6 | Y53: 0.6
B54: EV (ELECTROVANNE) x ways | H54: 0.6 | I54: 0.6 | J54: 0.6 | K54: 0.6 | L54: 0.6 | M54: 0.6 | N54: 0.5 | O54: 0.5 | P54: 0.5 | Q54: 0.5 | R54: 0.5 | S54: 0.5 | T54: 0.1 | U54: 0.1 | V54: 0.1 | W54: 0.1 | X54: 0.1 | Y54: 0.1
B55: ABS+AFU+ESP+ASR | H55: 1 | I55: 1 | J55: 1 | K55: 1 | L55: 1 | M55: 1 | N55: 1 | O55: 1 | P55: 1 | Q55: 1 | R55: 1 | S55: 1 | T55: 1 | U55: 1 | V55: 1 | W55: 1 | X55: 1 | Y55: 1
B56: POMPE A VIDE DE FREINAGE / BRAKE VACUUM PUMP | H56: 0.5 | I56: 0.5 | J56: 0.5 | K56: 0.5 | L56: 0.5 | M56: 1 | N56: 0.5 | O56: 0.5 | P56: 0.5 | Q56: 0.5 | R56: 0.5 | S56: 1 | T56: 0.5 | U56: 0.5 | V56: 0.5 | W56: 0.5 | X56: 0.5 | Y56: 1
B57: DIRECTION ASSISTEE ELECTRIQUE ROUES DROITES | H57: 0.8 | I57: 0.8 | J57: 0.8 | K57: 0.8 | L57: 0.8 | M57: 0.8 | N57: 0.8 | O57: 0.8 | P57: 0.8 | Q57: 0.8 | R57: 0.8 | S57: 0.8 | T57: 0.8 | U57: 0.8 | V57: 0.8 | W57: 0.8 | X57: 0.8 | Y57: 0.8
B58: DIRECTION ASSISTEE ELECTRIQUE ROUES EN MOUVEMENT | H58: 0.2 | I58: 0.2 | J58: 0.2 | K58: 0.2 | L58: 0.2 | M58: 0.2 | N58: 0.2 | O58: 0.2 | P58: 0.2 | Q58: 0.2 | R58: 0.2 | S58: 0.2 | T58: 0.2 | U58: 0.2 | V58: 0.2 | W58: 0.2 | X58: 0.2 | Y58: 0.2
B59: pompe électrique 650W / 12 volts | H59: 0.1 | I59: 0.1 | J59: 0.1 | K59: 0.1 | L59: 0.1 | M59: 0.1 | N59: 0.25 | O59: 0.25 | P59: 0.25 | Q59: 0.25 | R59: 0.25 | S59: 0.25 | T59: 0.15 | U59: 0.4 | V59: 1 | W59: 1 | X59: 0.4 | Y59: =MAX(T59:X59) -> 1
B60: EVC + Gearbox | H60: 1 | I60: 1 | J60: 1 | K60: 1 | L60: 1 | M60: 1 | N60: 1 | O60: 1 | P60: 1 | Q60: 1 | R60: 1 | S60: 1 | T60: 1 | U60: 1 | V60: 1 | W60: 1 | X60: 1 | Y60: 1
B61: Injection HECM Nominale -Engine ON | H61: 1 | I61: 1 | J61: 1 | K61: 1 | L61: 1 | M61: 1 | N61: 1 | O61: 1 | P61: 1 | Q61: 1 | R61: 1 | S61: 1 | T61: 1 | U61: 1 | V61: 1 | W61: 1 | X61: 1 | Y61: 1
B62: Injection HECM Stand By | H62: 0 | I62: 0 | J62: 0 | K62: 0 | L62: 0 | M62: 0 | N62: 0 | O62: 0 | P62: 0 | Q62: 0 | R62: 0 | S62: 0 | T62: 0 | U62: 0 | V62: 0 | W62: 0 | X62: 0 | Y62: 0
B63: INJECTION ICE | H63: 1 | I63: 1 | J63: 1 | K63: 1 | L63: 1 | M63: 1 | N63: 1 | O63: 1 | P63: 1 | Q63: 1 | R63: 1 | S63: 1 | T63: 1 | U63: 1 | V63: 1 | W63: 1 | X63: 1 | Y63: 1
B64: Pompe à Huile | H64: 1 | I64: 1 | J64: 1 | K64: 1 | L64: 1 | M64: 1 | N64: 1 | O64: 1 | P64: 1 | Q64: 1 | R64: 1 | S64: 1 | T64: 1 | U64: 1 | V64: 1 | W64: 1 | X64: 1 | Y64: 1
B65: Pompe Carburant | H65: 1 | I65: 1 | J65: 1 | K65: 1 | L65: 1 | M65: 1 | N65: 1 | O65: 1 | P65: 1 | Q65: 1 | R65: 1 | S65: 1 | T65: 1 | U65: 1 | V65: 1 | W65: 1 | X65: 1 | Y65: 1
B66: GMV REFROIDISSEMENT Face avant / Motor cooling F | E66: TAKE INTO ACCOUNT THE OPERATION OF HEAT PUMP, COOLING (ENGINE,BATTERY, OTHER…..)
B67: GMV REFROIDISSEMENT Face avant / Motor cooling Fan V1 | H67: 1 | I67: 1 | J67: 1 | K67: 1 | L67: 1 | M67: 0 | N67: 0 | O67: 0 | P67: 0 | Q67: 0 | R67: 0 | S67: 0 | T67: 0 | U67: 0 | V67: 0 | W67: 0 | X67: 0 | Y67: 0
B68: GMV REFROIDISSEMENT Face avant / Motor cooling Fan V2 | H68: 0 | I68: 0 | J68: 0 | K68: 0 | L68: 0 | M68: 0 | N68: 0 | O68: 0 | P68: 0 | Q68: 0 | R68: 0 | S68: 0 | T68: 0 | U68: 0 | V68: 0 | W68: 0 | X68: 0 | Y68: 0
B69: GMV REFROIDISSEMENT Face avant / Motor cooling Fan V3 | H69: 0 | I69: 0 | J69: 0 | K69: 0 | L69: 0 | M69: 0 | N69: 0 | O69: 0 | P69: 0 | Q69: 0 | R69: 0 | S69: 0 | T69: 1 | U69: 0 | V69: 0 | W69: 0 | X69: 1 | Y69: 0
B70: GMV REFROIDISSEMENT Face avant / Motor cooling Fan V4 | H70: 0 | I70: 0 | J70: 0 | K70: 0 | L70: 0 | M70: 0 | N70: 0 | O70: 0 | P70: 0 | Q70: 0 | R70: 0 | S70: 0 | T70: 0 | U70: 1 | V70: 0 | W70: 0 | X70: 0 | Y70: 0
B71: GMV REFROIDISSEMENT Face avant / Motor cooling Fan V5 | H71: 0 | I71: 0 | J71: 0 | K71: 0 | L71: 0 | M71: 0 | N71: 0 | O71: 0 | P71: 0 | Q71: 0 | R71: 0 | S71: 0 | T71: 0 | U71: 0 | V71: 1 | W71: 1 | X71: 0 | Y71: 1
B72: DIVERS
B73: CONSOMMATION PERMANENTE Edg | H73: 1 | I73: 1 | J73: 1 | K73: 1 | L73: 1 | M73: 1 | N73: 1 | O73: 1 | P73: 1 | Q73: 1 | R73: 1 | S73: 1 | T73: 1 | U73: 1 | V73: 1 | W73: 1 | X73: 1 | Y73: 1
B74: CONSOMMATION PERMANENTE Hdg | H74: 1 | I74: 1 | J74: 1 | K74: 1 | L74: 1 | M74: 1 | N74: 1 | O74: 1 | P74: 1 | Q74: 1 | R74: 1 | S74: 1 | T74: 1 | U74: 1 | V74: 1 | W74: 1 | X74: 1 | Y74: 1
B75: VSP | H75: 1 | I75: 1 | J75: 1 | K75: 1 | L75: 1 | M75: 1 | N75: 1 | O75: 1 | P75: 1 | Q75: 1 | R75: 1 | S75: 1 | T75: 1 | U75: 1 | V75: 1 | W75: 1 | X75: 1 | Y75: 1
B76: Radio_Entry | H76: 1 | I76: 1 | J76: 1 | K76: 1 | L76: 1 | M76: 1 | N76: 1 | O76: 1 | P76: 1 | Q76: 1 | R76: 1 | S76: 1 | T76: 1 | U76: 1 | V76: 1 | W76: 1 | X76: 1 | Y76: 1
B77: MM2012/ A-IVI | H77: 1 | I77: 1 | J77: 1 | K77: 1 | L77: 1 | M77: 1 | N77: 1 | O77: 1 | P77: 1 | Q77: 1 | R77: 1 | S77: 1 | T77: 1 | U77: 1 | V77: 1 | W77: 1 | X77: 1 | Y77: 1
B78: Ampli | H78: 1 | I78: 1 | J78: 1 | K78: 1 | L78: 1 | M78: 1 | N78: 1 | O78: 1 | P78: 1 | Q78: 1 | R78: 1 | S78: 1 | T78: 1 | U78: 1 | V78: 1 | W78: 1 | X78: 1 | Y78: 1
B79: batterie recharge | H79: 1 | I79: 1 | J79: 1 | K79: 1 | L79: 1 | M79: 1 | N79: 1 | O79: 1 | P79: 1 | Q79: 1 | R79: 1 | S79: 1 | T79: 1 | U79: 1 | V79: 1 | W79: 1 | X79: 1 | Y79: 1
B80: ADAPTATIONS
B86: Nominal Voltage | C86: 13.5
B88: DC-DC output current (A) | D88: =C90*C86 -> 3375
C89: 0-15mints | D89: Nominal
B90: Cold (<23°C) | C90: 250 | D90: 250 | G90: Bilan Courant (A) | H90: =H8 -> 0 - 5mints | I90: =I8 -> 5 - 10mints | J90: =J8 -> 10 - 15mints | K90: =K8 -> 15 - 25mints | L90: =L8 -> 25 - 30mints | M90: MAX | N90: =N8 -> 0 - 5mints | O90: =O8 -> 5 - 10mints | P90: =P8 -> 10 - 15mints | Q90: =Q8 -> 15 - 25mints | R90: =R8 -> 25 - 30mints | S90: MAX | T90: =T8 -> 0 - 5mints | U90: =U8 -> 5 - 10mints | V90: =V8 -> 10 - 15mints | W90: =W8 -> 15 - 25mints | X90: =X8 -> 25 - 30mints | Y90: MAX
B91: Hot (>35°C) | C91: 250 | D91: 250
F92: Conso en A, en fonction de temps | G92: Upper | H92: =SUMPRODUCT($F$9:$F$84,$G$9:$G$84,H9:H84) -> 0 | I92: =SUMPRODUCT($F$9:$F$84,$G$9:$G$84,I9:I84) -> 0 | J92: =SUMPRODUCT($F$9:$F$84,$G$9:$G$84,J9:J84) -> 0 | K92: =SUMPRODUCT($F$9:$F$84,$G$9:$G$84,K9:K84) -> 0 | L92: =SUMPRODUCT($F$9:$F$84,$G$9:$G$84,L9:L84) -> 0 | M92: =SUMPRODUCT($F$9:$F$84,$G$9:$G$84,M9:M84) -> 0 | N92: =SUMPRODUCT($F$9:$F$84,$G$9:$G$84,N9:N84) -> 0 | O92: =SUMPRODUCT($F$9:$F$84,$G$9:$G$84,O9:O84) -> 0 | ... Y92: =SUMPRODUCT($F$9:$F$84,$G$9:$G$84,Y9:Y84) -> 0
B93: LV BAT | G93: Base | H93: =SUMPRODUCT($E$9:$E$84,$G$9:$G$84,H9:H84) -> 0 | I93: =SUMPRODUCT($E$9:$E$84,$G$9:$G$84,I9:I84) -> 0 | J93: =SUMPRODUCT($E$9:$E$84,$G$9:$G$84,J9:J84) -> 0 | K93: =SUMPRODUCT($E$9:$E$84,$G$9:$G$84,K9:K84) -> 0 | L93: =SUMPRODUCT($E$9:$E$84,$G$9:$G$84,L9:L84) -> 0 | M93: =SUMPRODUCT($E$9:$E$84,$G$9:$G$84,M9:M84) -> 0 | N93: =SUMPRODUCT($E$9:$E$84,$G$9:$G$84,N9:N84) -> 0 | O93: =SUMPRODUCT($E$9:$E$84,$G$9:$G$84,O9:O84) -> 0 | ... Y93: =SUMPRODUCT($E$9:$E$84,$G$9:$G$84,Y9:Y84) -> 0
E95: Difference in Ampere (DCDCoutput - Veh.load) | G95: Upper | H95: =IF(H92>0, (C90-H92),0) -> 0 | I95: =IF(I92>0, (C90-I92),0) -> 0 | J95: =IF(J92>0, (C90-J92),0) -> 0 | K95: =IF(K92>0, (D90-K92),0) -> 0 | L95: =IF(L92>0, (D90-L92),0) -> 0 | N95: =IF(N92>0, (C90-N92),0) -> 0 | O95: =IF(O92>0, (C90-O92),0) -> 0 | P95: =IF(P92>0, (C90-P92),0) -> 0 | Q95: =IF(Q92>0, (D90-Q92),0) -> 0 | R95: =IF(R92>0, (D90-R92),0) -> 0 | T95: =IF(T92>0, (D91-T92),0) -> 0 | U95: =IF(U92>0, (D91-U92),0) -> 0 | V95: =IF(V92>0, (D91-V92),0) -> 0 | W95: =IF(W92>0, (D91-W92),0) -> 0 | X95: =IF(X92>0, (D91-X92),0) -> 0
E96: Difference in Ampere/hour | H96: =(H95*5)/60 -> 0 | I96: =(I95*5)/60 -> 0 | J96: =(J95*5)/60 -> 0 | K96: =(K95*10)/60 -> 0 | L96: =(L95*5)/60 -> 0 | N96: =(N95*5)/60 -> 0 | O96: =(O95*5)/60 -> 0 | P96: =(P95*5)/60 -> 0 | Q96: =(Q95*10)/60 -> 0 | R96: =(R95*5)/60 -> 0 | T96: =(T95*5)/60 -> 0 | U96: =(U95*5)/60 -> 0 | V96: =(V95*5)/60 -> 0 | W96: =(W95*10)/60 -> 0 | X96: =(X95*5)/60 -> 0
E97: Difference in Ampere (DCDCoutput - Veh.load) | G97: Base | H97: =IF(H93>0, (D90-H93),0) -> 0 | I97: =IF(I93>0, (D90-I93),0) -> 0 | J97: =IF(J93>0, (D90-J93),0) -> 0 | K97: =IF(K93>0, (D90-K93),0) -> 0 | L97: =IF(L93>0, (D90-L93),0) -> 0 | N97: =IF(N93>0, (D90-N93),0) -> 0 | O97: =IF(O93>0, (D90-O93),0) -> 0 | P97: =IF(P93>0, (D90-P93),0) -> 0 | Q97: =IF(Q93>0, (D90-Q93),0) -> 0 | R97: =IF(R93>0, (D90-R93),0) -> 0 | T97: =IF(T93>0, (D91-T93),0) -> 0 | U97: =IF(U93>0, (D91-U93),0) -> 0 | V97: =IF(V93>0, (D91-V93),0) -> 0 | W97: =IF(W93>0, (D91-W93),0) -> 0 | X97: =IF(X93>0, (D91-X93),0) -> 0
E98: Difference in Ampere/hour | H98: =(H97*5)/60 -> 0 | I98: =(I97*5)/60 -> 0 | J98: =(J97*5)/60 -> 0 | K98: =(K97*10)/60 -> 0 | L98: =(L97*5)/60 -> 0 | N98: =(N97*5)/60 -> 0 | O98: =(O97*5)/60 -> 0 | P98: =(P97*5)/60 -> 0 | Q98: =(Q97*10)/60 -> 0 | R98: =(R97*5)/60 -> 0 | T98: =(T97*5)/60 -> 0 | U98: =(U97*5)/60 -> 0 | V98: =(V97*5)/60 -> 0 | W98: =(W97*10)/60 -> 0 | X98: =(X97*5)/60 -> 0
B99: Charge acceptance current by BAT @ Hot temp (A) | D99: 10
B100: Charge acceptance current by BAT @ Mid-seasson (A) | D100: 5 | E100: Charge acceptance or discharge current(A) | G100: Upper | H100: =IF(H95>D101,D101,H95) -> 0 | I100: =IF(I95>D101,D101,I95) -> 0 | J100: =IF(J95>D101,D101,J95) -> 0 | K100: =IF(K95>D101,D101,K95) -> 0 | L100: =IF(L95>D101,D101,L95) -> 0 | N100: =IF(N95>D100,D100,N95) -> 0 | O100: =IF(O95>D100,D100,O95) -> 0 | P100: =IF(P95>D100,D100,P95) -> 0 | Q100: =IF(Q95>D100,D100,Q95) -> 0 | R100: =IF(R95>D100,D100,R95) -> 0 | T100: =IF(T95>D99,D99,T95) -> 0 | U100: =IF(U95>D99,D99,U95) -> 0 | V100: =IF(V95>D99,D99,V95) -> 0 | W100: =IF(W95>D99,D99,W95) -> 0 | X100: =IF(X95>D99,D99,X95) -> 0
B101: Charge acceptance current by BAT @ Very cold (A) | D101: 4 | E101: Charge/discharge Balance(Ah) | H101: =(H100*5)/60 -> 0 | I101: =H101+(I100*5)/60 -> 0 | J101: =I101+((J100*5)/60) -> 0 | K101: =J101+((K100*10)/60) -> 0 | L101: =K101+((L100*5)/60) -> 0 | N101: =(N100*5)/60 -> 0 | O101: =N101+(O100*5)/60 -> 0 | P101: =O101+((P100*5)/60) -> 0 | Q101: =P101+((Q100*10)/60) -> 0 | R101: =Q101+((R100*5)/60) -> 0 | T101: =(T100*5)/60 -> 0 | U101: =T101+(U100*5)/60 -> 0 | V101: =U101+((V100*5)/60) -> 0 | W101: =V101+((W100*10)/60) -> 0 | X101: =W101+((X100*5)/60) -> 0
E102: Charge acceptance /discharge current(A) | G102: Base | H102: =IF(H97>D101,D101,H97) -> 0 | I102: =IF(I97>D101,D101,I97) -> 0 | J102: =IF(J97>D101,D101,J97) -> 0 | K102: =IF(K97>D101,D101,K97) -> 0 | L102: =IF(L97>D101,D101,L97) -> 0 | N102: =IF(N97>D100,D100,N97) -> 0 | O102: =IF(O97>D100,D100,O97) -> 0 | P102: =IF(P97>D100,D100,P97) -> 0 | Q102: =IF(Q97>D100,D100,Q97) -> 0 | R102: =IF(R97>D100,D100,R97) -> 0 | T102: =IF(T97>D99,D99,T97) -> 0 | U102: =IF(U97>D99,D99,U97) -> 0 | V102: =IF(V97>D99,D99,V97) -> 0 | W102: =IF(W97>D99,D99,W97) -> 0 | X102: =IF(X97>D99,D99,X97) -> 0
E103: Charge/discharge Balance(Ah) | H103: =(H102*5)/60 -> 0 | I103: =H103+(I102*5)/60 -> 0 | J103: =I103+((J102*5)/60) -> 0 | K103: =J103+((K102*10)/60) -> 0 | L103: =K103+((L102*5)/60) -> 0 | N103: =(N102*5)/60 -> 0 | O103: =N103+(O102*5)/60 -> 0 | P103: =O103+((P102*5)/60) -> 0 | Q103: =P103+((Q102*10)/60) -> 0 | R103: =Q103+((R102*5)/60) -> 0 | T103: =(T102*5)/60 -> 0 | U103: =T103+(U102*5)/60 -> 0 | V103: =U103+((V102*5)/60) -> 0 | W103: =V103+((W102*10)/60) -> 0 | X103: =W103+((X102*5)/60) -> 0
B104: Guide line for BAT charge acceptance current selection
B105: Charge acceptance Current (A) | C105: Flooded | D105: EFB
B106: Hot temp | C106: 10 | D106: 10
B107: Mid-seasson | C107: 5 | D107: 5 | G107: Bilan Puissance (W) | H107: =H8 -> 0 - 5mints | I107: =I8 -> 5 - 10mints | J107: =J8 -> 10 - 15mints | K107: =K8 -> 15 - 25mints | L107: =L8 -> 25 - 30mints | M107: MAX | N107: =N8 -> 0 - 5mints | O107: =O8 -> 5 - 10mints | P107: =P8 -> 10 - 15mints | Q107: =Q8 -> 15 - 25mints | R107: =R8 -> 25 - 30mints | S107: MAX | T107: =T8 -> 0 - 5mints | U107: =U8 -> 5 - 10mints | V107: =V8 -> 10 - 15mints | W107: =W8 -> 15 - 25mints | X107: =X8 -> 25 - 30mints | Y107: MAX
B108: Very Cold | C108: 4 | D108: 4
G109: Upper | H109: =13.5*H92 -> 0 | I109: =13.5*I92 -> 0 | J109: =13.5*J92 -> 0 | K109: =13.5*K92 -> 0 | L109: =13.5*L92 -> 0 | M109: =13.5*M92 -> 0 | N109: =13.5*N92 -> 0 | O109: =13.5*O92 -> 0 | ... Y109: =13.5*Y92 -> 0
G110: Base | H110: =13.5*H93 -> 0 | I110: =13.5*I93 -> 0 | J110: =13.5*J93 -> 0 | K110: =13.5*K93 -> 0 | L110: =13.5*L93 -> 0 | M110: =13.5*M93 -> 0 | N110: =13.5*N93 -> 0 | O110: =13.5*O93 -> 0 | ... Y110: =13.5*Y93 -> 0

Sheet Graph
A2: Winter <-5°C | F2: Mid-season 5°C<T<15 | K2: Summer T>15°C
A3: Time (Mint) | B3: Base Vehicle global conso (A) | C3: Upper Vehicle global conso (A) | D3: DCDC output | F3: Time (Mint) | G3: Base Vehicle global conso (A) | H3: Upper Vehicle global conso (A) | I3: DCDC output | K3: Time (Mint) | L3: Base Vehicle global conso (A) | M3: Upper Vehicle global conso (A) | N3: DCDC output
A4: 0 | B4: ='Bilan DCDC'!H93 -> 0 | C4: ='Bilan DCDC'!H92 -> 0 | D4: ='Bilan DCDC'!C90 -> 250 | F4: 0 | G4: ='Bilan DCDC'!M93 -> 0 | H4: =+'Bilan DCDC'!N92 -> 0 | I4: ='Bilan DCDC'!C91 -> 250 | K4: 0 | L4: ='Bilan DCDC'!T93 -> 0 | M4: ='Bilan DCDC'!T92 -> 0 | N4: ='Bilan DCDC'!C91 -> 250
A5: 5 | B5: =B4 -> 0 | C5: =C4 -> 0 | D5: =D4 -> 250 | F5: 5 | G5: =G4 -> 0 | H5: =H4 -> 0 | I5: =I4 -> 250 | K5: 5 | L5: =L4 -> 0 | M5: =M4 -> 0 | N5: =N4 -> 250
A6: 5 | B6: ='Bilan DCDC'!I93 -> 0 | C6: ='Bilan DCDC'!I92 -> 0 | D6: =D4 -> 250 | F6: 5 | G6: ='Bilan DCDC'!O93 -> 0 | H6: ='Bilan DCDC'!O92 -> 0 | I6: =I4 -> 250 | K6: 5 | L6: ='Bilan DCDC'!U93 -> 0 | M6: ='Bilan DCDC'!U92 -> 0 | N6: =N4 -> 250
A7: 10 | B7: =B6 -> 0 | C7: =C6 -> 0 | D7: =D5 -> 250 | F7: 10 | G7: =G6 -> 0 | H7: =H6 -> 0 | I7: =I5 -> 250 | K7: 10 | L7: =L6 -> 0 | M7: =M6 -> 0 | N7: =N5 -> 250
A8: 10 | B8: ='Bilan DCDC'!J93 -> 0 | C8: ='Bilan DCDC'!J92 -> 0 | D8: =D4 -> 250 | F8: 10 | G8: ='Bilan DCDC'!P93 -> 0 | H8: ='Bilan DCDC'!P92 -> 0 | I8: =I4 -> 250 | K8: 10 | L8: ='Bilan DCDC'!V93 -> 0 | M8: ='Bilan DCDC'!V92 -> 0 | N8: =N4 -> 250
A9: 15 | B9: =B8 -> 0 | C9: =C8 -> 0 | D9: =D4 -> 250 | F9: 15 | G9: =G8 -> 0 | H9: =H8 -> 0 | I9: =I4 -> 250 | K9: 15 | L9: =L8 -> 0 | M9: =M8 -> 0 | N9: =N4 -> 250
A10: 15 | B10: ='Bilan DCDC'!K93 -> 0 | C10: ='Bilan DCDC'!K92 -> 0 | D10: =D4 -> 250 | F10: 15 | G10: ='Bilan DCDC'!Q93 -> 0 | H10: ='Bilan DCDC'!Q92 -> 0 | I10: =I4 -> 250 | K10: 15 | L10: ='Bilan DCDC'!W93 -> 0 | M10: ='Bilan DCDC'!W92 -> 0 | N10: =N4 -> 250
A11: 15 | B11: =B10 -> 0 | C11: =C10 -> 0 | D11: =D7 -> 250 | F11: 15 | G11: =G10 -> 0 | H11: =H10 -> 0 | I11: =I7 -> 250 | K11: 15 | L11: =L10 -> 0 | M11: =M10 -> 0 | N11: =N7 -> 250
A12: 25 | B12: =B11 -> 0 | C12: =C11 -> 0 | D12: =D7 -> 250 | F12: 25 | G12: =G11 -> 0 | H12: =H11 -> 0 | I12: =I7 -> 250 | K12: 25 | L12: =L11 -> 0 | M12: =M11 -> 0 | N12: =N7 -> 250
A13: 25 | B13: ='Bilan DCDC'!L93 -> 0 | C13: ='Bilan DCDC'!L92 -> 0 | D13: =D7 -> 250 | F13: 25 | G13: ='Bilan DCDC'!R93 -> 0 | H13: ='Bilan DCDC'!R92 -> 0 | I13: =I7 -> 250 | K13: 25 | L13: ='Bilan DCDC'!X93 -> 0 | M13: ='Bilan DCDC'!X92 -> 0 | N13: =N7 -> 250
A14: 25 | B14: =B13 -> 0 | C14: =C13 -> 0 | D14: =D4 -> 250 | F14: 25 | G14: =G13 -> 0 | H14: =H13 -> 0 | I14: =I4 -> 250 | K14: 25 | L14: =L13 -> 0 | M14: =M13 -> 0 | N14: =N4 -> 250
A15: 30 | B15: =B14 -> 0 | C15: =C14 -> 0 | D15: =D4 -> 250 | F15: 30 | G15: =G14 -> 0 | H15: =H14 -> 0 | I15: =I4 -> 250 | K15: 30 | L15: =L14 -> 0 | M15: =M14 -> 0 | N15: =N4 -> 250

Sheet Bilan -7°C
C2: ELECTRIQUE | J2: WLTC - 7°C tool
B3: Project name: | I3: =23*0.8 -> 18.4
B4: Date:
B5: Pilot wattman: | I5: =218/13 -> 16.769231
B7: WLTC - 7°C Prognosis (W) | E7: Cycle 1 | F7: Cycle 2 | G7: Cycle 3 | I7: =17/13 -> 1.3076923
B8: =E13 -> Version vh 1 | D8: =E14 -> Base | E8: =J122 -> 0 | F8: =R122 -> 0 | G8: =Y122 -> 0
B9: =E13 -> Version vh 1 | D9: =F14 -> Upper | E9: =J119 -> 0 | F9: =R119 -> 0 | G9: =Y119 -> 0 | I9: =I10*13.5 -> 37.26
B10: =G13 -> Version vh 2 | D10: =G14 -> Base | E10: =J128 -> 0 | F10: =R128 -> 0 | G10: =Y128 -> 0 | I10: =23*0.12 -> 2.76
B11: =G13 -> Version vh 2 | D11: =H14 -> Upper | E11: =J125 -> 0 | F11: =R125 -> 0 | G11: =Y125 -> 0
B13: List of equipements | E13: Version vh 1 | G13: Version vh 2 | I13: Conso Elec (A) | J13: Cycle 1 | R13: Cycle 2 | Y13: Cycle 3 | AE13: Conso Instantatnée MAX | AF13: Commentaire
E14: Base | F14: Upper | G14: Base | H14: Upper | J14: 0 - 1,67mints | K14: 1,68 - 4mints | L14: 4 - 7mints | M14: 7 - 8,16mints | N14: 8,16 - 12,25mints | O14: 12.25 - 25mints | P14: 25 - 30mints | R14: 0 - 5mints | S14: 5 - 7mints | T14: 7 - 8,16mints | U14: 8,16 - 15mints | V14: 15 - 25mints | W14: 25 - 30mints | Y14: 0 - 5mints | Z14: 5 - 7mints | AA14: 7 - 8,16mints | AB14: 8,16 - 15mints | AC14: 15 - 25mints | AD14: 25 - 30mints
B15: ECLAIRAGES
B16: FEUX DE POSITION AV | I16: 0 | J16: 1 | K16: 1 | L16: 1 | M16: 1 | N16: 1 | O16: 1 | P16: 1 | R16: 1 | S16: 1 | T16: 1 | U16: 1 | V16: 1 | W16: 1 | X16: 1 | Y16: 1 | Z16: 1 | AA16: 1 | AB16: 1 | AC16: 1 | AD16: 1 | AE16: 0
B17: FEUX DE POSITION AR ET DE PLAQUE / POSITION AND PLATE LAMPS | I17: 0 | J17: 1 | K17: 1 | L17: 1 | M17: 1 | N17: 1 | O17: 1 | P17: 1 | R17: 1 | S17: 1 | T17: 1 | U17: 1 | V17: 1 | W17: 1 | X17: 1 | Y17: 1 | Z17: 1 | AA17: 1 | AB17: 1 | AC17: 1 | AD17: 1 | AE17: 0
B18: ECLAIRAGE TABLEAU DE BORD SXS EV / LIGHTS INSTRUMENT PANEL | I18: 0 | J18: 1 | K18: 1 | L18: 1 | M18: 1 | N18: 1 | O18: 1 | P18: 1 | R18: 1 | S18: 1 | T18: 1 | U18: 1 | V18: 1 | W18: 1 | X18: 1 | Y18: 1 | Z18: 1 | AA18: 1 | AB18: 1 | AC18: 1 | AD18: 1 | AE18: 0.1
B19: INTERRUPTEURS VOYANTS DE NUIT / NIGHT LEDS SWITCHES | I19: 0 | J19: 1 | K19: 1 | L19: 1 | M19: 1 | N19: 1 | O19: 1 | P19: 1 | R19: 1 | S19: 1 | T19: 1 | U19: 1 | V19: 1 | W19: 1 | X19: 1 | Y19: 1 | Z19: 1 | AA19: 1 | AB19: 1 | AC19: 1 | AD19: 1 | AE19: 0.1
B20: DRL | I20: 0 | J20: 0 | K20: 0 | L20: 0 | M20: 0 | N20: 0 | O20: 0 | P20: 0 | R20: 0 | S20: 0 | T20: 0 | U20: 0 | V20: 0 | W20: 0 | Y20: 0 | Z20: 0 | AA20: 0 | AB20: 0 | AC20: 0 | AD20: 0 | AE20: 0
B21: LOGO + CROSSING LIGHTING | I21: 0 | J21: 1 | K21: 1 | L21: 1 | M21: 1 | N21: 1 | O21: 1 | P21: 1 | R21: 1 | S21: 1 | T21: 1 | U21: 1 | V21: 1 | W21: 1 | X21: 0.3 | Y21: 1 | Z21: 1 | AA21: 1 | AB21: 1 | AC21: 1 | AD21: 1 | AE21: 0.1
B22: FEUX DE BROUILLARD AVANT (x2) / FRONT FOG LIGHTS (x2) | I22: 0 | J22: 0 | K22: 0 | L22: 0 | M22: 0 | N22: 0 | O22: 0 | P22: 0 | R22: 0 | S22: 0 | T22: 0 | U22: 0 | V22: 0 | W22: 0 | Y22: 0 | Z22: 0 | AA22: 0 | AB22: 0 | AC22: 0 | AD22: 0 | AE22: 0.1
B23: FEUX DE BROUILLARD ARRIERE Edg / REAR FOG LAMPS Edg | I23: 0 | J23: 0 | K23: 0 | L23: 0 | M23: 0 | N23: 0 | O23: 0 | P23: 0 | R23: 0 | S23: 0 | T23: 0 | U23: 0 | V23: 0 | W23: 0 | Y23: 0 | Z23: 0 | AA23: 0 | AB23: 0 | AC23: 0 | AD23: 0
B24: FEUX DE BROUILLARD ARRIERE Hdg / REAR FOG LAMPS Hdg | I24: 0 | J24: 0 | K24: 0 | L24: 0 | M24: 0 | N24: 0 | O24: 0 | P24: 0 | R24: 0 | S24: 0 | T24: 0 | U24: 0 | V24: 0 | W24: 0 | Y24: 0 | Z24: 0 | AA24: 0 | AB24: 0 | AC24: 0 | AD24: 0
B25: FEUX INDICATEURS DE DIRECTION / DIRECTION Indication lamp | I25: 0 | J25: 0 | K25: 0 | L25: 0 | M25: 0 | N25: 0 | O25: 0 | P25: 0 | R25: 0 | S25: 0 | T25: 0 | U25: 0 | V25: 0 | W25: 0 | Y25: 0 | Z25: 0 | AA25: 0 | AB25: 0 | AC25: 0 | AD25: 0
B26: FEUX DE STOP - Edg / STOP lamp Edg | I26: 0 | J26: 1 | K26: 1 | L26: 1 | M26: 0 | N26: 0 | O26: 0 | P26: 0 | R26: 1 | S26: 1 | T26: 0 | U26: 0 | V26: 0 | W26: 0 | Y26: 1 | Z26: 1 | AA26: 0 | AB26: 0 | AC26: 0 | AD26: 0 | AE26: 0.1 | AF26: 422 secondes
B27: FEUX DE STOP - Hdg / STOP lamp Hdg | I27: 0 | J27: 1 | K27: 1 | L27: 1 | M27: 0 | N27: 0 | O27: 0 | P27: 0 | R27: 1 | S27: 1 | T27: 0 | U27: 0 | V27: 0 | W27: 0 | Y27: 1 | Z27: 1 | AA27: 0 | AB27: 0 | AC27: 0 | AD27: 0 | AE27: 0.1 | AF27: 422 secondes
B28: FEUX DE CROISEMENT Edg / Low beam lamp | I28: 0 | J28: 1 | K28: 1 | L28: 1 | M28: 1 | N28: 1 | O28: 1 | P28: 1 | R28: 1 | S28: 1 | T28: 1 | U28: 1 | V28: 1 | W28: 1 | Y28: 1 | Z28: 1 | AA28: 1 | AB28: 1 | AC28: 1 | AD28: 1 | AE28: 1
B29: FEUX DE CROISEMENT Hdg / Low beam lamp | I29: 0 | J29: 1 | K29: 1 | L29: 1 | M29: 1 | N29: 1 | O29: 1 | P29: 1 | R29: 1 | S29: 1 | T29: 1 | U29: 1 | V29: 1 | W29: 1 | Y29: 1 | Z29: 1 | AA29: 1 | AB29: 1 | AC29: 1 | AD29: 1 | AE29: 1
B30: FEUX DE ROUTE Edg / High beam lamp | I30: 0 | J30: 0 | K30: 0 | L30: 0 | M30: 0 | N30: 0 | O30: 0 | P30: 0 | R30: 0 | S30: 0 | T30: 0 | U30: 0 | V30: 0 | W30: 0 | Y30: 0 | Z30: 0 | AA30: 0 | AB30: 0 | AC30: 0 | AD30: 0
B31: FEUX DE ROUTE Hdg / High beam lamp | I31: 0 | J31: 0 | K31: 0 | L31: 0 | M31: 0 | N31: 0 | O31: 0 | P31: 0 | R31: 0 | S31: 0 | T31: 0 | U31: 0 | V31: 0 | W31: 0 | Y31: 0 | Z31: 0 | AA31: 0 | AB31: 0 | AC31: 0 | AD31: 0
B32: VISIBILITE
B33: LUNETTE DEGIVRANTE / Rear Defroster | I33: 0 | J33: 1 | K33: 1 | L33: 0.95 | M33: 0.9 | N33: 0.9 | O33: 0 | P33: 0 | R33: 0 | S33: 0 | T33: 0 | U33: 0 | V33: 0 | W33: 0 | X33: 1 | Y33: 0 | Z33: 0 | AA33: 0 | AB33: 0 | AC33: 0 | AD33: 0 | AE33: 0 | AF33: 735s
B34: RETROVISEUR DEGIVRANT (x2) / Heated Mirror Defroster | I34: 0 | J34: 1 | K34: 1 | L34: 0.95 | M34: 0.9 | N34: 0.9 | O34: 0 | P34: 0 | R34: 0 | S34: 0 | T34: 0 | U34: 0 | V34: 0 | W34: 0 | X34: 1 | Y34: 0 | Z34: 0 | AA34: 0 | AB34: 0 | AC34: 0 | AD34: 0 | AE34: 0.8 | AF34: 735s
B35: PAREBRISE CHAUFFANT / Heated windscreen | I35: 0 | J35: 1 | K35: 1 | L35: 0 | M35: 0 | N35: 0 | O35: 0 | P35: 0 | R35: 0 | S35: 0 | T35: 0 | U35: 0 | V35: 0 | W35: 0 | X35: 1 | Y35: 0 | Z35: 0 | AA35: 0 | AB35: 0 | AC35: 0 | AD35: 0 | AE35: 0.15 | AF35: 4 min
B36: ESSUIE VITRE AVANT / FRONT WINDOW WIPER No activated if Heated windscreen is ON | I36: 0 | J36: 0 | K36: 0 | L36: 0 | M36: 0 | N36: 0 | O36: 0 | P36: 0 | R36: 0 | S36: 0 | T36: 0 | U36: 0 | V36: 0 | W36: 0 | Y36: 0 | Z36: 0 | AA36: 0 | AB36: 0 | AC36: 0 | AD36: 0
B37: ESSUIE VITRE ARRIERE / REAR WINDOW WIPER | I37: 0 | J37: 0 | K37: 0 | L37: 0 | M37: 0 | N37: 0 | O37: 0 | P37: 0 | R37: 0 | S37: 0 | T37: 0 | U37: 0 | V37: 0 | W37: 0 | Y37: 0 | Z37: 0 | AA37: 0 | AB37: 0 | AC37: 0 | AD37: 0
B38: CONFORT COCKPIT
B39: GMV (HVAC) HABITACLE _HOT MODE | I39: 0 | J39: 0 | K39: 0.9 | L39: 0.9 | M39: 0.7 | N39: 0.7 | O39: 0.2 | P39: 0.2 | R39: 0.2 | S39: 0.2 | T39: 0.2 | U39: 0.2 | V39: 0.2 | W39: 0.2 | Y39: 0.2 | Z39: 0.2 | AA39: 0.2 | AB39: 0.2 | AC39: 0.2 | AD39: 0.2 | AE39: 0
B40: GMV (HVAC) HABITACLE _COLD MODE | I40: 0 | J40: 1 | K40: 1 | L40: 1 | M40: 1 | N40: 1 | O40: 1 | P40: 1 | R40: 1 | S40: 1 | T40: 1 | U40: 1 | V40: 1 | W40: 1 | Y40: 1 | Z40: 1 | AA40: 1 | AB40: 1 | AC40: 1 | AD40: 1
B41: COMPRESSEUR CA HV | I41: 0 | J41: 0 | K41: 0 | L41: 0 | M41: 0 | N41: 0 | O41: 0 | P41: 0 | R41: 0 | S41: 0 | T41: 0 | U41: 0 | V41: 0 | W41: 0 | Y41: 0 | Z41: 0 | AA41: 0 | AB41: 0 | AC41: 0 | AD41: 0
B42: SIEGES CHAUFFANTS AVANTS | I42: 0 | J42: 0 | K42: 0 | L42: 0 | M42: 0 | N42: 0 | O42: 0 | P42: 0 | R42: 0 | S42: 0 | T42: 0 | U42: 0 | V42: 0 | W42: 0 | Y42: 0 | Z42: 0 | AA42: 0 | AB42: 0 | AC42: 0 | AD42: 0
B43: SIEGES CHAUFFANTS ARRIERES | I43: 0 | J43: 0 | K43: 0 | L43: 0 | M43: 0 | N43: 0 | O43: 0 | P43: 0 | R43: 0 | S43: 0 | T43: 0 | U43: 0 | V43: 0 | W43: 0 | Y43: 0 | Z43: 0 | AA43: 0 | AB43: 0 | AC43: 0 | AD43: 0
B44: Volant chauffant | I44: 0 | J44: 0 | K44: 0 | L44: 0 | M44: 0 | N44: 0 | O44: 0 | P44: 0 | R44: 0 | S44: 0 | T44: 0 | U44: 0 | V44: 0 | W44: 0 | Y44: 0 | Z44: 0 | AA44: 0 | AB44: 0 | AC44: 0 | AD44: 0
B45: CTP sur 12V | I45: 0 | J45: 1 | K45: 1 | L45: 1 | M45: 1 | N45: 1 | O45: 1 | P45: 1 | R45: 1 | S45: 1 | T45: 1 | U45: 1 | V45: 1 | W45: 1 | Y45: 1 | Z45: 1 | AA45: 1 | AB45: 1 | AC45: 1 | AD45: 1
B46: EV ELECTROVANNE | I46: 0 | J46: 1 | K46: 1 | L46: 1 | M46: 1 | N46: 1 | O46: 1 | P46: 1 | R46: 1 | S46: 1 | T46: 1 | U46: 1 | V46: 1 | W46: 1 | Y46: 1 | Z46: 1 | AA46: 1 | AB46: 1 | AC46: 1 | AD46: 1
B47: POMPE A CHALEUR / HEAT PUMP (hot and cold function) | I47: 0 | J47: 1 | K47: 1 | L47: 1 | M47: 1 | N47: 1 | O47: 1 | P47: 1 | R47: 0.3 | S47: 0.3 | T47: 0.3 | U47: 0.3 | V47: 0.3 | W47: 0.3 | Y47: 0.7 | Z47: 0.7 | AA47: 0.7 | AB47: 0.7 | AC47: 0.7 | AD47: 0.7
B48: GMP / Refroi / BV / Gestion Batterie HV
B49: PEC MODULE CONTROLE ELECTRIQUE | I49: 0 | J49: 1 | K49: 1 | L49: 1 | M49: 1 | N49: 1 | O49: 1 | P49: 1 | R49: 1 | S49: 1 | T49: 1 | U49: 1 | V49: 1 | W49: 1 | X49: 1 | Y49: 1 | Z49: 1 | AA49: 1 | AB49: 1 | AC49: 1 | AD49: 1 | AE49: 1
B59: EV (ELECTROVANNE) x ways | I59: 0 | J59: 1 | K59: 1 | L59: 1 | M59: 1 | N59: 1 | O59: 1 | P59: 1 | R59: 1 | S59: 1 | T59: 1 | U59: 1 | V59: 1 | W59: 1 | X59: 1 | Y59: 1 | Z59: 1 | AA59: 1 | AB59: 1 | AC59: 1 | AD59: 1
B60: EV (ELECTROVANNE) x ways | I60: 0 | J60: 1 | K60: 1 | L60: 1 | M60: 1 | N60: 1 | O60: 1 | P60: 1 | R60: 1 | S60: 1 | T60: 1 | U60: 1 | V60: 1 | W60: 1 | X60: 1 | Y60: 1 | Z60: 1 | AA60: 1 | AB60: 1 | AC60: 1 | AD60: 1 | AE60: 0.8
B61: ABS+AFU+ESP+ASR | I61: 0 | J61: 1 | K61: 1 | L61: 1 | M61: 1 | N61: 1 | O61: 1 | P61: 1 | R61: 1 | S61: 1 | T61: 1 | U61: 1 | V61: 1 | W61: 1 | X61: 1 | Y61: 1 | Z61: 1 | AA61: 1 | AB61: 1 | AC61: 1 | AD61: 1 | AE61: 1 | AF61: moyenne sur le cycle
B62: POMPE A VIDE DE FREINAGE / BRAKE VACUUM PUMP | I62: 0 | J62: 0 | K62: 0 | L62: 0 | M62: 0 | N62: 0 | O62: 0 | P62: 0 | R62: 0 | S62: 0 | T62: 0 | U62: 0 | V62: 0 | W62: 0 | X62: 1 | Y62: 0 | Z62: 0 | AA62: 0 | AB62: 0 | AC62: 0 | AD62: 0 | AE62: 0.36
B63: DIRECTION ASSISTEE ELECTRIQUE ROUES DROITES | I63: 0 | J63: 1 | K63: 1 | L63: 1 | M63: 1 | N63: 1 | O63: 1 | P63: 1 | R63: 1 | S63: 1 | T63: 1 | U63: 1 | V63: 1 | W63: 1 | X63: 1 | Y63: 1 | Z63: 1 | AA63: 1 | AB63: 1 | AC63: 1 | AD63: 1
B64: DIRECTION ASSISTEE ELECTRIQUE ROUES EN MOUVEMENT | I64: 0 | J64: 0 | K64: 0 | L64: 0 | M64: 0 | N64: 0 | O64: 0 | P64: 0 | R64: 0 | S64: 0 | T64: 0 | U64: 0 | V64: 0 | W64: 0 | X64: 1 | Y64: 0 | Z64: 0 | AA64: 0 | AB64: 0 | AC64: 0 | AD64: 0
B65: pompe électrique 650W / 12 volts | I65: 0 | J65: 0 | K65: 0 | L65: 0 | M65: 0 | N65: 0 | O65: 0 | P65: 0 | R65: 0 | S65: 0 | T65: 0 | U65: 0 | V65: 0 | W65: 0 | X65: 1 | Y65: 0 | Z65: 0 | AA65: 0 | AB65: 0 | AC65: 0 | AD65: 0
B66: EVC + Gearbox | I66: 0 | J66: 1 | K66: 1 | L66: 1 | M66: 1 | N66: 1 | O66: 1 | P66: 1 | R66: 1 | S66: 1 | T66: 1 | U66: 1 | V66: 1 | W66: 1 | X66: 1 | Y66: 1 | Z66: 1 | AA66: 1 | AB66: 1 | AC66: 1 | AD66: 1
B67: Injection HECM Nominale -Engine ON | I67: 0 | J67: 0 | K67: 0 | L67: 0 | M67: 0 | N67: 0 | O67: 0 | P67: 0 | R67: 0 | S67: 0 | T67: 0 | U67: 0 | V67: 0 | W67: 0 | X67: 1 | Y67: 0 | Z67: 0 | AA67: 0 | AB67: 0 | AC67: 0 | AD67: 0
B68: Injection HECM Stand By | I68: 0 | J68: 0 | K68: 0 | L68: 0 | M68: 0 | N68: 0 | O68: 0 | P68: 0 | R68: 0 | S68: 0 | T68: 0 | U68: 0 | V68: 0 | W68: 0 | X68: 1 | Y68: 0 | Z68: 0 | AA68: 0 | AB68: 0 | AC68: 0 | AD68: 0
B69: INJECTION ICE | I69: 0 | J69: 0 | K69: 0 | L69: 0 | M69: 0 | N69: 0 | O69: 0 | P69: 0 | R69: 0 | S69: 0 | T69: 0 | U69: 0 | V69: 0 | W69: 0 | X69: 1 | Y69: 0 | Z69: 0 | AA69: 0 | AB69: 0 | AC69: 0 | AD69: 0
B70: Pompe à Huile | I70: 0 | J70: 0 | K70: 0 | L70: 0 | M70: 0 | N70: 0 | O70: 0 | P70: 0 | R70: 0 | S70: 0 | T70: 0 | U70: 0 | V70: 0 | W70: 0 | X70: 1 | Y70: 0 | Z70: 0 | AA70: 0 | AB70: 0 | AC70: 0 | AD70: 0
B71: Pompe Carburant | I71: 0 | J71: 0 | K71: 0 | L71: 0 | M71: 0 | N71: 0 | O71: 0 | P71: 0 | X71: 1
B72: GMV REFROIDISSEMENT Face avant / Motor cooling F
B73: GMV REFROIDISSEMENT Face avant / Motor cooling Fan V1 | I73: 0 | J73: 1 | K73: 1 | L73: 1 | M73: 1 | N73: 1 | O73: 1 | P73: 1 | R73: 1 | S73: 1 | T73: 1 | U73: 1 | V73: 1 | W73: 1 | X73: 0 | Y73: 1 | Z73: 1 | AA73: 1 | AB73: 1 | AC73: 1 | AD73: 1 | AE73: 1 | AK73: 1 | AL73: 0 | AM73: 0 | AN73: 0 | AO73: 0 | AP73: 0 | AQ73: 0 | AR73: 0 | AS73: 0 | AT73: 0
B74: GMV REFROIDISSEMENT Face avant / Motor cooling Fan V2 | I74: 0 | J74: 0 | K74: 0 | L74: 0 | M74: 0 | N74: 0 | O74: 0 | P74: 0 | R74: 0 | S74: 0 | T74: 0 | U74: 0 | V74: 0 | W74: 0 | X74: 0 | Y74: 0 | Z74: 0 | AA74: 0 | AB74: 0 | AC74: 0 | AD74: 0 | AE74: 0 | AK74: 0 | AL74: 0 | AM74: 0 | AN74: 0 | AO74: 0 | AP74: 0 | AQ74: 0 | AR74: 0 | AS74: 0 | AT74: 0
B75: GMV REFROIDISSEMENT Face avant / Motor cooling Fan V3 | I75: 0 | J75: 0 | K75: 0 | L75: 0 | M75: 0 | N75: 0 | O75: 0 | P75: 0 | R75: 0 | S75: 0 | T75: 0 | U75: 0 | V75: 0 | W75: 0 | X75: 0 | Y75: 0 | Z75: 0 | AA75: 0 | AB75: 0 | AC75: 0 | AD75: 0 | AE75: 1 | AK75: 0 | AL75: 1 | AM75: 0 | AN75: 0 | AO75: 0 | AP75: 0 | AQ75: 0 | AR75: 0 | AS75: 0 | AT75: 0
B76: GMV REFROIDISSEMENT Face avant / Motor cooling Fan V4 | I76: 0 | J76: 0 | K76: 0 | L76: 0 | M76: 0 | N76: 0 | O76: 0 | P76: 0 | R76: 0 | S76: 0 | T76: 0 | U76: 0 | V76: 0 | W76: 0 | X76: 0 | Y76: 0 | Z76: 0 | AA76: 0 | AB76: 0 | AC76: 0 | AD76: 0 | AE76: 1 | AK76: 0 | AL76: 0 | AM76: 1 | AN76: 0 | AO76: 0 | AP76: 0 | AQ76: 0 | AR76: 0 | AS76: 1 | AT76: 1
B77: GMV REFROIDISSEMENT Face avant / Motor cooling Fan V5 | I77: 0 | J77: 0 | K77: 0 | L77: 0 | M77: 0 | N77: 0 | O77: 0 | P77: 0 | R77: 0 | S77: 0 | T77: 0 | U77: 0 | V77: 0 | W77: 0 | X77: 0 | Y77: 0 | Z77: 0 | AA77: 0 | AB77: 0 | AC77: 0 | AD77: 0 | AE77: 1 | AK77: 0 | AL77: 0 | AM77: 0 | AN77: 1 | AO77: 1 | AP77: 1 | AQ77: 1 | AR77: 1 | AS77: 0 | AT77: 0
B78: DIVERS
B79: CONSOMMATION PERMANENTE Edg | I79: 0 | J79: 1 | K79: 1 | L79: 1 | M79: 1 | N79: 1 | O79: 1 | P79: 1 | R79: 1 | S79: 1 | T79: 1 | U79: 1 | V79: 1 | W79: 1 | X79: 1 | Y79: 1 | Z79: 1 | AA79: 1 | AB79: 1 | AC79: 1 | AD79: 1 | AE79: 1
B80: CONSOMMATION PERMANENTE Hdg | I80: 0 | J80: 1 | K80: 1 | L80: 1 | M80: 1 | N80: 1 | O80: 1 | P80: 1 | R80: 1 | S80: 1 | T80: 1 | U80: 1 | V80: 1 | W80: 1 | X80: 1 | Y80: 1 | Z80: 1 | AA80: 1 | AB80: 1 | AC80: 1 | AD80: 1 | AE80: 1
B81: VSP | I81: 0 | J81: 1 | K81: 1 | L81: 1 | M81: 1 | N81: 0 | O81: 0 | P81: 0 | R81: 1 | S81: 1 | T81: 1 | U81: 0 | V81: 0 | W81: 0 | X81: 1 | Y81: 1 | Z81: 1 | AA81: 1 | AB81: 0 | AC81: 0 | AD81: 0 | AE81: 1 | AF81: 490s
B82: Radio_Entry | I82: 0 | J82: 0 | K82: 0 | L82: 0 | M82: 0 | N82: 0 | O82: 0 | P82: 0 | R82: 0 | S82: 0 | T82: 0 | U82: 0 | V82: 0 | W82: 0 | Y82: 0 | Z82: 0 | AA82: 0 | AB82: 0 | AC82: 0 | AD82: 0
B83: MM2012/ A-IVI | I83: 0 | J83: 0 | K83: 0 | L83: 0 | M83: 0 | N83: 0 | O83: 0 | P83: 0 | R83: 0 | S83: 0 | T83: 0 | U83: 0 | V83: 0 | W83: 0 | Y83: 0 | Z83: 0 | AA83: 0 | AB83: 0 | AC83: 0 | AD83: 0
B84: Ampli | I84: 0 | J84: 0 | K84: 0 | L84: 0 | M84: 0 | N84: 0 | O84: 0 | P84: 0 | R84: 0 | S84: 0 | T84: 0 | U84: 0 | V84: 0 | W84: 0 | Y84: 0 | Z84: 0 | AA84: 0 | AB84: 0 | AC84: 0 | AD84: 0
B85: batterie recharge | I85: 0 | J85: 0 | K85: 0 | L85: 0 | M85: 0 | N85: 0 | O85: 0 | P85: 0 | R85: 0 | S85: 0 | T85: 0 | U85: 0 | V85: 0 | W85: 0 | Y85: 0 | Z85: 0 | AA85: 0 | AB85: 0 | AC85: 0 | AD85: 0
B86: ADAPTATIONS | I86: 0 | J86: 0 | K86: 0 | L86: 0 | M86: 0 | N86: 0 | O86: 0 | P86: 0 | R86: 0 | S86: 0 | T86: 0 | U86: 0 | V86: 0 | W86: 0 | X86: 1 | Y86: 0 | Z86: 0 | AA86: 0 | AB86: 0 | AC86: 0 | AD86: 0
E87: * | F87: * | G87: * | H87: *
B88: Nominal Voltage | C88: 14 | E88: * | F88: * | G88: * | H88: *
C89: =C92*13.5 -> 3375 | E89: * | F89: * | G89: * | H89: *
B90: DC-DC output current (A) | D90: =C92*C88 -> 3500 | E90: * | F90: * | G90: * | H90: *
C91: 0-15mints | D91: Nominal | E91: * | F91: * | G91: * | H91: *
B92: Cold (<23°C) | C92: 250 | D92: 250 | E92: * | F92: * | G92: * | H92: * | I92: Bilan Courant (A) | J92: 0 - 1,67mints | K92: 1,68 - 4mints | L92: 4 - 7mints | M92: 7 - 8,16mints | N92: 8,16 - 12,25mints | O92: 12.25 - 25mints | P92: 25 - 30mints | R92: 0 - 5mints | S92: 5 - 7mints | T92: 7 - 8,16mints | U92: 8,16 - 15mints | V92: 15 - 25mints | W92: 25 - 30mints | Y92: 0 - 5mints | Z92: 5 - 7mints | AA92: 7 - 8,16mints | AB92: 8,16 - 15mints | AC92: 15 - 25mints | AD92: 25 - 30mints | AE92: MAX
B93: Hot (>35°C) | C93: 250 | D93: 250 | E93: * | F93: * | G93: * | H93: *
E94: * | F94: * | G94: * | H94: VAN | I94: =F14 -> Upper | J94: =SUMPRODUCT($F$15:$F$86,$I$15:$I$86,J15:J86) -> 0 | K94: =SUMPRODUCT($F$15:$F$86,$I$15:$I$86,K15:K86) -> 0 | L94: =SUMPRODUCT($F$15:$F$86,$I$15:$I$86,L15:L86) -> 0 | M94: =SUMPRODUCT($F$15:$F$86,$I$15:$I$86,M15:M86) -> 0 | N94: =SUMPRODUCT($F$15:$F$86,$I$15:$I$86,N15:N86) -> 0 | O94: =SUMPRODUCT($F$15:$F$86,$I$15:$I$86,O15:O86) -> 0 | P94: =SUMPRODUCT($F$15:$F$86,$I$15:$I$86,P15:P86) -> 0 | Q94: =SUMPRODUCT($F$15:$F$86,$I$15:$I$86,Q15:Q86) -> 0 | ... AE94: =SUMPRODUCT($F$15:$F$86,$I$15:$I$86,AE15:AE86) -> 0
B95: LV BAT | C95: L2 | D95: 60Ah | E95: * | F95: * | G95: * | I95: =E14 -> Base | J95: =SUMPRODUCT($E$15:$E$86,$I$15:$I$86,J15:J86) -> 0 | K95: =SUMPRODUCT($E$15:$E$86,$I$15:$I$86,K15:K86) -> 0 | L95: =SUMPRODUCT($E$15:$E$86,$I$15:$I$86,L15:L86) -> 0 | M95: =SUMPRODUCT($E$15:$E$86,$I$15:$I$86,M15:M86) -> 0 | N95: =SUMPRODUCT($E$15:$E$86,$I$15:$I$86,N15:N86) -> 0 | O95: =SUMPRODUCT($E$15:$E$86,$I$15:$I$86,O15:O86) -> 0 | P95: =SUMPRODUCT($E$15:$E$86,$I$15:$I$86,P15:P86) -> 0 | Q95: =SUMPRODUCT($E$15:$E$86,$I$15:$I$86,Q15:Q86) -> 0 | ... AE95: =SUMPRODUCT($E$15:$E$86,$I$15:$I$86,AE15:AE86) -> 0
E96: * | F96: * | G96: * | H96: CARGO | I96: =H14 -> Upper | J96: =SUMPRODUCT($H$15:$H$86,$I$15:$I$86,J15:J86) -> 0 | K96: =SUMPRODUCT($H$15:$H$86,$I$15:$I$86,K15:K86) -> 0 | L96: =SUMPRODUCT($H$15:$H$86,$I$15:$I$86,L15:L86) -> 0 | M96: =SUMPRODUCT($H$15:$H$86,$I$15:$I$86,M15:M86) -> 0 | N96: =SUMPRODUCT($H$15:$H$86,$I$15:$I$86,N15:N86) -> 0 | O96: =SUMPRODUCT($H$15:$H$86,$I$15:$I$86,O15:O86) -> 0 | P96: =SUMPRODUCT($H$15:$H$86,$I$15:$I$86,P15:P86) -> 0 | Q96: =SUMPRODUCT($F$15:$F$86,$I$15:$I$86,Q17:Q88) -> 0 | R96: =SUMPRODUCT($H$15:$H$86,$I$15:$I$86,R15:R86) -> 0 | S96: =SUMPRODUCT($H$15:$H$86,$I$15:$I$86,S15:S86) -> 0 | T96: =SUMPRODUCT($H$15:$H$86,$I$15:$I$86,T15:T86) -> 0 | U96: =SUMPRODUCT($H$15:$H$86,$I$15:$I$86,U15:U86) -> 0 | V96: =SUMPRODUCT($H$15:$H$86,$I$15:$I$86,V15:V86) -> 0 | W96: =SUMPRODUCT($H$15:$H$86,$I$15:$I$86,W15:W86) -> 0 | X96: =SUMPRODUCT($F$15:$F$86,$I$15:$I$86,X17:X88) -> 0 | Y96: =SUMPRODUCT($H$15:$H$86,$I$15:$I$86,Y15:Y86) -> 0 | Z96: =SUMPRODUCT($H$15:$H$86,$I$15:$I$86,Z15:Z86) -> 0 | AA96: =SUMPRODUCT($H$15:$H$86,$I$15:$I$86,AA15:AA86) -> 0 | AB96: =SUMPRODUCT($H$15:$H$86,$I$15:$I$86,AB15:AB86) -> 0 | AC96: =SUMPRODUCT($H$15:$H$86,$I$15:$I$86,AC15:AC86) -> 0 | AD96: =SUMPRODUCT($H$15:$H$86,$I$15:$I$86,AD15:AD86) -> 0 | AE96: =SUMPRODUCT($F$15:$F$86,$I$15:$I$86,AE17:AE88) -> 0
E97: * | F97: * | G97: * | I97: =G14 -> Base | J97: =SUMPRODUCT($G$15:$G$86,$I$15:$I$86,J15:J86) -> 0 | K97: =SUMPRODUCT($G$15:$G$86,$I$15:$I$86,K15:K86) -> 0 | L97: =SUMPRODUCT($G$15:$G$86,$I$15:$I$86,L15:L86) -> 0 | M97: =SUMPRODUCT($G$15:$G$86,$I$15:$I$86,M15:M86) -> 0 | N97: =SUMPRODUCT($G$15:$G$86,$I$15:$I$86,N15:N86) -> 0 | O97: =SUMPRODUCT($G$15:$G$86,$I$15:$I$86,O15:O86) -> 0 | P97: =SUMPRODUCT($G$15:$G$86,$I$15:$I$86,P15:P86) -> 0 | Q97: =SUMPRODUCT($E$15:$E$86,$I$15:$I$86,Q17:Q88) -> 0 | R97: =SUMPRODUCT($G$15:$G$86,$I$15:$I$86,R15:R86) -> 0 | S97: =SUMPRODUCT($G$15:$G$86,$I$15:$I$86,S15:S86) -> 0 | T97: =SUMPRODUCT($G$15:$G$86,$I$15:$I$86,T15:T86) -> 0 | U97: =SUMPRODUCT($G$15:$G$86,$I$15:$I$86,U15:U86) -> 0 | V97: =SUMPRODUCT($G$15:$G$86,$I$15:$I$86,V15:V86) -> 0 | W97: =SUMPRODUCT($G$15:$G$86,$I$15:$I$86,W15:W86) -> 0 | X97: =SUMPRODUCT($E$15:$E$86,$I$15:$I$86,X17:X88) -> 0 | Y97: =SUMPRODUCT($G$15:$G$86,$I$15:$I$86,Y15:Y86) -> 0 | Z97: =SUMPRODUCT($G$15:$G$86,$I$15:$I$86,Z15:Z86) -> 0 | AA97: =SUMPRODUCT($G$15:$G$86,$I$15:$I$86,AA15:AA86) -> 0 | AB97: =SUMPRODUCT($G$15:$G$86,$I$15:$I$86,AB15:AB86) -> 0 | AC97: =SUMPRODUCT($G$15:$G$86,$I$15:$I$86,AC15:AC86) -> 0 | AD97: =SUMPRODUCT($G$15:$G$86,$I$15:$I$86,AD15:AD86) -> 0 | AE97: =SUMPRODUCT($E$15:$E$86,$I$15:$I$86,AE17:AE88) -> 0
E98: * | F98: * | G98: *
E99: Difference in Ampere (DCDCoutput - Veh.load) | G99: Difference in Ampere (DCDCoutput - Veh.load) | I99: =F14 -> Upper | J99: =IF(J94>0, (C92-J94),0) -> 0 | K99: =IF(K94>0, (C92-K94),0) -> 0 | L99: =IF(L94>0, (C92-L94),0) -> 0 | M99: =IF(M94>0, (C92-M94),0) -> 0 | N99: =IF(N94>0, (C92-N94),0) -> 0 | O99: =IF(O94>0, (D92-O94),0) -> 0 | P99: =IF(P94>0, (D92-P94),0) -> 0 | R99: =IF(R94>0, (C92-R94),0) -> 0 | S99: =IF(S94>0, (C92-S94),0) -> 0 | T99: =IF(T94>0, (C92-T94),0) -> 0 | U99: =IF(U94>0, (C92-U94),0) -> 0 | V99: =IF(V94>0, (D92-V94),0) -> 0 | W99: =IF(W94>0, (D92-W94),0) -> 0 | Y99: =IF(Y94>0, (D93-Y94),0) -> 0 | Z99: =IF(Z94>0, (D93-Z94),0) -> 0 | AA99: =IF(AA94>0, (C93-AA94),0) -> 0 | AB99: =IF(AB94>0, (D93-AB94),0) -> 0 | AC99: =IF(AC94>0, (D93-AC94),0) -> 0 | AD99: =IF(AD94>0, (D93-AD94),0) -> 0
E100: Difference in Ampere/hour | G100: Difference in Ampere/hour | J100: =(J99*5)/60 -> 0 | K100: =(K99*5)/60 -> 0 | L100: =(L99*5)/60 -> 0 | M100: =(M99*5)/60 -> 0 | N100: =(N99*5)/60 -> 0 | O100: =(O99*10)/60 -> 0 | P100: =(P99*5)/60 -> 0 | R100: =(R99*5)/60 -> 0 | S100: =(S99*5)/60 -> 0 | T100: =(T99*5)/60 -> 0 | U100: =(U99*5)/60 -> 0 | V100: =(V99*10)/60 -> 0 | W100: =(W99*5)/60 -> 0 | Y100: =(Y99*5)/60 -> 0 | Z100: =(Z99*5)/60 -> 0 | AA100: =(AA99*5)/60 -> 0 | AB100: =(AB99*5)/60 -> 0 | AC100: =(AC99*5)/60 -> 0 | AD100: =(AD99*5)/60 -> 0
E101: Difference in Ampere (DCDCoutput - Veh.load) | G101: Difference in Ampere (DCDCoutput - Veh.load) | I101: =E14 -> Base | J101: =IF(J95>0, (D92-J95),0) -> 0 | K101: =IF(K95>0, (C92-K95),0) -> 0 | L101: =IF(L95>0, (D92-L95),0) -> 0 | M101: =IF(M95>0, (C92-M95),0) -> 0 | N101: =IF(N95>0, (D92-N95),0) -> 0 | O101: =IF(O95>0, (D92-O95),0) -> 0 | P101: =IF(P95>0, (D92-P95),0) -> 0 | R101: =IF(R95>0, (D92-R95),0) -> 0 | S101: =IF(S95>0, (D92-S95),0) -> 0 | T101: =IF(T95>0, (C92-T95),0) -> 0 | U101: =IF(U95>0, (D92-U95),0) -> 0 | V101: =IF(V95>0, (D92-V95),0) -> 0 | W101: =IF(W95>0, (D92-W95),0) -> 0 | Y101: =IF(Y95>0, (D93-Y95),0) -> 0 | Z101: =IF(Z95>0, (C93-Z95),0) -> 0 | AA101: =IF(AA95>0, (C93-AA95),0) -> 0 | AB101: =IF(AB95>0, (C93-AB95),0) -> 0 | AC101: =IF(AC95>0, (C93-AC95),0) -> 0 | AD101: =IF(AD95>0, (D93-AD95),0) -> 0
E102: Difference in Ampere/hour | G102: Difference in Ampere/hour | J102: =(J101*5)/60 -> 0 | K102: =(K101*5)/60 -> 0 | L102: =(L101*5)/60 -> 0 | M102: =(M101*5)/60 -> 0 | N102: =(N101*5)/60 -> 0 | O102: =(O101*10)/60 -> 0 | P102: =(P101*5)/60 -> 0 | R102: =(R101*5)/60 -> 0 | S102: =(S101*5)/60 -> 0 | T102: =(T101*5)/60 -> 0 | U102: =(U101*5)/60 -> 0 | V102: =(V101*10)/60 -> 0 | W102: =(W101*5)/60 -> 0 | Y102: =(Y101*5)/60 -> 0 | Z102: =(Z101*5)/60 -> 0 | AA102: =(AA101*5)/60 -> 0 | AB102: =(AB101*5)/60 -> 0 | AC102: =(AC101*5)/60 -> 0 | AD102: =(AD101*5)/60 -> 0
B104: Charge acceptance current by BAT @ Hot temp (A) | D104: 10 | E104: Charge acceptance or discharge current(A) | G104: Charge acceptance or discharge current(A) | I104: =F14 -> Upper | J104: =IF(J99>D106,D106,J99) -> 0 | K104: =IF(K99>D106,D106,K99) -> 0 | L104: =IF(L99>D106,D106,L99) -> 0 | M104: =IF(M99>C106,C106,M99) -> 0 | N104: =IF(N99>D106,D106,N99) -> 0 | O104: =IF(O99>D106,D106,O99) -> 0 | P104: =IF(P99>D106,D106,P99) -> 0 | R104: =IF(R99>D105,D105,R99) -> 0 | S104: =IF(S99>D105,D105,S99) -> 0 | T104: =IF(T99>C105,C105,T99) -> 0 | U104: =IF(U99>D105,D105,U99) -> 0 | V104: =IF(V99>D105,D105,V99) -> 0 | W104: =IF(W99>D105,D105,W99) -> 0 | Y104: =IF(Y99>D104,D104,Y99) -> 0 | Z104: =IF(Z99>D104,D104,Z99) -> 0 | AA104: =IF(AA99>C104,C104,AA99) -> 0 | AB104: =IF(AB99>D104,D104,AB99) -> 0 | AC104: =IF(AC99>D104,D104,AC99) -> 0 | AD104: =IF(AD99>D104,D104,AD99) -> 0
B105: Charge acceptance current by BAT @ Mid-seasson (A) | D105: 5 | E105: Charge/discharge Balance(Ah) | G105: Charge/discharge Balance(Ah) | J105: =(J104*5)/60 -> 0 | K105: =I105+(K104*5)/60 -> 0 | L105: =J105+(L104*5)/60 -> 0 | M105: =K105+((M104*5)/60) -> 0 | N105: =L105+((N104*5)/60) -> 0 | O105: =N105+((O104*10)/60) -> 0 | P105: =O105+((P104*5)/60) -> 0 | R105: =(R104*5)/60 -> 0 | S105: =R105+(S104*5)/60 -> 0 | T105: =R105+((T104*5)/60) -> 0 | U105: =S105+((U104*5)/60) -> 0 | V105: =U105+((V104*10)/60) -> 0 | W105: =V105+((W104*5)/60) -> 0 | Y105: =(Y104*5)/60 -> 0 | Z105: =X105+(Z104*5)/60 -> 0 | AA105: =W105+(AA104*5)/60 -> 0 | AB105: =X105+(AB104*5)/60 -> 0 | AC105: =X105+(AC104*5)/60 -> 0 | AD105: =#REF!+((AD104*5)/60) -> #REF!
B106: Charge acceptance current by BAT @ Very cold (A) | D106: 4 | E106: Charge acceptance /discharge current(A) | G106: Charge acceptance /discharge current(A) | I106: =E14 -> Base | J106: =IF(J101>D106,D106,J101) -> 0 | K106: =IF(K101>D106,D106,K101) -> 0 | L106: =IF(L101>D106,D106,L101) -> 0 | M106: =IF(M101>C106,C106,M101) -> 0 | N106: =IF(N101>D106,D106,N101) -> 0 | O106: =IF(O101>D106,D106,O101) -> 0 | P106: =IF(P101>D106,D106,P101) -> 0 | R106: =IF(R101>D105,D105,R101) -> 0 | S106: =IF(S101>D105,D105,S101) -> 0 | T106: =IF(T101>C105,C105,T101) -> 0 | U106: =IF(U101>D105,D105,U101) -> 0 | V106: =IF(V101>D105,D105,V101) -> 0 | W106: =IF(W101>D105,D105,W101) -> 0 | Y106: =IF(Y101>D104,D104,Y101) -> 0 | Z106: =IF(Z101>D104,D104,Z101) -> 0 | AA106: =IF(AA101>C104,C104,AA101) -> 0 | AB106: =IF(AB101>D104,D104,AB101) -> 0 | AC106: =IF(AC101>D104,D104,AC101) -> 0 | AD106: =IF(AD101>D104,D104,AD101) -> 0
E107: Charge/discharge Balance(Ah) | G107: Charge/discharge Balance(Ah) | J107: =(J106*5)/60 -> 0 | K107: =I107+(K106*5)/60 -> 0 | L107: =J107+(L106*5)/60 -> 0 | M107: =K107+((M106*5)/60) -> 0 | N107: =L107+((N106*5)/60) -> 0 | O107: =N107+((O106*10)/60) -> 0 | P107: =O107+((P106*5)/60) -> 0 | R107: =(R106*5)/60 -> 0 | S107: =R107+(S106*5)/60 -> 0 | T107: =R107+((T106*5)/60) -> 0 | U107: =S107+((U106*5)/60) -> 0 | V107: =U107+((V106*10)/60) -> 0 | W107: =V107+((W106*5)/60) -> 0 | Y107: =(Y106*5)/60 -> 0 | Z107: =X107+(Z106*5)/60 -> 0 | AA107: =W107+(AA106*5)/60 -> 0 | AB107: =X107+(AB106*5)/60 -> 0 | AC107: =X107+(AC106*5)/60 -> 0 | AD107: =#REF!+((AD106*5)/60) -> #REF!
E108: * | F108: * | G108: * | H108: *
E109: * | F109: * | G109: * | H109: *
E110: * | F110: * | G110: * | H110: * | J110: Profile : Winter <-5°C | R110: Profile : Mid-season 5°C<15°C | Y110: Profile :Summer T>15°C
E111: * | F111: * | G111: * | H111: * | I111: Bilan Puissance (W) | J111: 0 - 1,67mints | K111: 1,68 - 4mints | L111: 4 - 7mints | M111: 7 - 8,16mints | N111: 8,16 - 12,25mints | O111: 12.25 - 25mints | P111: 25 - 30mints | R111: 0 - 5mints | S111: 5 - 7mints | T111: 7 - 8,16mints | U111: 8,16 - 15mints | V111: 15 - 25mints | W111: 25 - 30mints | Y111: 0 - 5mints | Z111: 5 - 7mints | AA111: 7 - 8,16mints | AB111: 8,16 - 15mints | AC111: 15 - 25mints | AD111: 25 - 30mints
E112: * | F112: * | G112: * | H112: *
E113: * | F113: * | G113: * | H113: VAN | I113: =F14 -> Upper | J113: =$C$88*J94 -> 0 | K113: =$C$88*K94 -> 0 | L113: =$C$88*L94 -> 0 | M113: =$C$88*M94 -> 0 | N113: =$C$88*N94 -> 0 | O113: =$C$88*O94 -> 0 | P113: =$C$88*P94 -> 0 | R113: =$C$88*R94 -> 0 | S113: =$C$88*S94 -> 0 | T113: =$C$88*T94 -> 0 | U113: =$C$88*U94 -> 0 | V113: =$C$88*V94 -> 0 | W113: =$C$88*W94 -> 0 | Y113: =$C$88*Y94 -> 0 | Z113: =$C$88*Z94 -> 0 | AA113: =$C$88*AA94 -> 0 | AB113: =$C$88*AB94 -> 0 | AC113: =$C$88*AC94 -> 0 | AD113: =$C$88*AD94 -> 0
...

Sheet Graph -7°C
A9: ='Bilan -7°C'!E7 -> Cycle 1 | F9: ='Bilan -7°C'!F7 -> Cycle 2 | K9: ='Bilan -7°C'!G7 -> Cycle 3
A10: Time (Mint) | B10: Base Vehicle global conso (A) | C10: Upper Vehicle global conso (A) | D10: DCDC output | F10: Time (Mint) | G10: Base Vehicle global conso (A) | H10: Upper Vehicle global conso (A) | I10: DCDC output | K10: Time (Mint) | L10: Base Vehicle global conso (A) | M10: Upper Vehicle global conso (A) | N10: DCDC output
A11: 0 | B11: ='Bilan -7°C'!J95 -> 0 | C11: ='Bilan -7°C'!J94 -> 0 | D11: ='Bilan -7°C'!C92 -> 250 | F11: 0 | G11: ='Bilan -7°C'!R95 -> 0 | H11: ='Bilan -7°C'!R94 -> 0 | I11: ='Bilan -7°C'!$D$92 -> 250 | K11: 0 | L11: ='Bilan -7°C'!Y95 -> 0 | M11: ='Bilan -7°C'!Y94 -> 0 | N11: ='Bilan -7°C'!$D$92 -> 250
A12: 1.67 | B12: =B11 -> 0 | C12: =C11 -> 0 | D12: =D11 -> 250 | F12: 5 | G12: =G11 -> 0 | H12: =H11 -> 0 | I12: ='Bilan -7°C'!$D$92 -> 250 | K12: 5 | L12: =L11 -> 0 | M12: =M11 -> 0 | N12: ='Bilan -7°C'!$D$92 -> 250
A13: 1.67 | B13: ='Bilan -7°C'!K95 -> 0 | C13: ='Bilan -7°C'!K94 -> 0 | D13: =D11 -> 250 | F13: 5 | G13: ='Bilan -7°C'!S95 -> 0 | H13: ='Bilan -7°C'!S94 -> 0 | I13: ='Bilan -7°C'!$D$92 -> 250 | K13: 5 | L13: ='Bilan -7°C'!Z95 -> 0 | M13: ='Bilan -7°C'!Z94 -> 0 | N13: ='Bilan -7°C'!$D$92 -> 250
A14: 4 | B14: =B13 -> 0 | C14: =C13 -> 0 | D14: =D12 -> 250 | F14: 7 | G14: =G13 -> 0 | H14: =H13 -> 0 | I14: ='Bilan -7°C'!$D$92 -> 250 | K14: 7 | L14: =L13 -> 0 | M14: =M13 -> 0 | N14: ='Bilan -7°C'!$D$92 -> 250
A15: 4 | B15: ='Bilan -7°C'!L95 -> 0 | C15: ='Bilan -7°C'!L94 -> 0 | D15: =D11 -> 250 | F15: 7 | G15: ='Bilan -7°C'!T95 -> 0 | H15: ='Bilan -7°C'!T94 -> 0 | I15: ='Bilan -7°C'!$D$92 -> 250 | K15: 7 | L15: ='Bilan -7°C'!AA95 -> 0 | M15: ='Bilan -7°C'!AA94 -> 0 | N15: ='Bilan -7°C'!$D$92 -> 250
A16: 7 | B16: =B15 -> 0 | C16: =C15 -> 0 | D16: =D11 -> 250 | F16: 8.16 | G16: =G15 -> 0 | H16: =H15 -> 0 | I16: ='Bilan -7°C'!$D$92 -> 250 | K16: 8.16 | L16: =L15 -> 0 | M16: =M15 -> 0 | N16: ='Bilan -7°C'!$D$92 -> 250
A17: 7 | B17: ='Bilan -7°C'!M95 -> 0 | C17: ='Bilan -7°C'!M94 -> 0 | D17: =D11 -> 250 | F17: 8.16 | G17: ='Bilan -7°C'!U95 -> 0 | H17: ='Bilan -7°C'!U94 -> 0 | I17: ='Bilan -7°C'!$D$92 -> 250 | K17: 8.16 | L17: ='Bilan -7°C'!AB95 -> 0 | M17: ='Bilan -7°C'!AB94 -> 0 | N17: ='Bilan -7°C'!$D$92 -> 250
A18: 8.16 | B18: =B17 -> 0 | C18: =C17 -> 0 | D18: ='Bilan -7°C'!D92 -> 250 | F18: 15 | G18: =G17 -> 0 | H18: =H17 -> 0 | I18: ='Bilan -7°C'!$D$92 -> 250 | K18: 15 | L18: =L17 -> 0 | M18: =M17 -> 0 | N18: ='Bilan -7°C'!$D$92 -> 250
A19: 8.16 | B19: ='Bilan -7°C'!N95 -> 0 | C19: ='Bilan -7°C'!N94 -> 0 | D19: ='Bilan -7°C'!D92 -> 250 | F19: 15 | G19: ='Bilan -7°C'!V95 -> 0 | H19: ='Bilan -7°C'!V94 -> 0 | I19: ='Bilan -7°C'!$D$92 -> 250 | K19: 15 | L19: ='Bilan -7°C'!AC95 -> 0 | M19: ='Bilan -7°C'!AC94 -> 0 | N19: ='Bilan -7°C'!$D$92 -> 250
A20: 12.25 | B20: =B19 -> 0 | C20: =C19 -> 0 | D20: ='Bilan -7°C'!D92 -> 250 | F20: 25 | G20: =G19 -> 0 | H20: =H19 -> 0 | I20: ='Bilan -7°C'!$D$92 -> 250 | K20: 25 | L20: =L19 -> 0 | M20: =M19 -> 0 | N20: ='Bilan -7°C'!$D$92 -> 250
A21: 12.25 | B21: ='Bilan -7°C'!O95 -> 0 | C21: ='Bilan -7°C'!O94 -> 0 | D21: ='Bilan -7°C'!D92 -> 250 | F21: 25 | G21: ='Bilan -7°C'!W95 -> 0 | H21: ='Bilan -7°C'!W94 -> 0 | I21: ='Bilan -7°C'!$D$92 -> 250 | K21: 25 | L21: ='Bilan -7°C'!AD95 -> 0 | M21: ='Bilan -7°C'!AD94 -> 0 | N21: ='Bilan -7°C'!$D$92 -> 250
A22: 25 | B22: =B21 -> 0 | C22: =C21 -> 0 | D22: ='Bilan -7°C'!D92 -> 250 | F22: 30 | G22: =G21 -> 0 | H22: =H21 -> 0 | I22: ='Bilan -7°C'!$D$92 -> 250 | K22: 30 | L22: =L21 -> 0 | M22: =M21 -> 0 | N22: ='Bilan -7°C'!$D$92 -> 250
A23: 25 | B23: ='Bilan -7°C'!P95 -> 0 | C23: ='Bilan -7°C'!P94 -> 0 | D23: ='Bilan -7°C'!D92 -> 250
A24: 30 | B24: =B23 -> 0 | C24: =C23 -> 0 | D24: ='Bilan -7°C'!D92 -> 250
